{"val_accuracy": 0.8582887700534759, "val_confusion_matrix": [[641, 36, 13, 16], [113, 767, 46, 21], [1, 0, 70, 0], [1, 8, 10, 127]], "train_accuracy": 0.8702680216319011, "train_confusion_matrix": [[5771, 324, 164, 88], [916, 6983, 392, 229], [0, 2, 640, 1], [21, 22, 24, 1250]]}