{"val_accuracy": 0.9347593582887701, "val_confusion_matrix": [[649, 56, 0, 1], [39, 905, 1, 2], [0, 1, 70, 0], [3, 18, 1, 124]], "train_accuracy": 0.9624413145539906, "train_confusion_matrix": [[5985, 354, 4, 4], [138, 8355, 12, 15], [1, 19, 622, 1], [26, 56, 2, 1233]]}