{"val_accuracy": 0.8336898395721926, "val_confusion_matrix": [[569, 120, 0, 17], [49, 854, 0, 44], [3, 17, 34, 17], [5, 39, 0, 102]], "train_accuracy": 0.8488738337196173, "train_confusion_matrix": [[5231, 988, 1, 127], [437, 7810, 4, 269], [23, 151, 312, 157], [64, 318, 4, 931]]}