{"val_accuracy": 0.8743315508021391, "val_confusion_matrix": [[649, 24, 11, 22], [86, 780, 36, 45], [0, 0, 69, 2], [3, 1, 5, 137]], "train_accuracy": 0.906875854281809, "train_confusion_matrix": [[5972, 157, 77, 141], [477, 7344, 264, 435], [0, 0, 638, 5], [4, 1, 6, 1306]]}